room_number,category,beds,season_price_inr,non_season_price_inr
1,triple,3,4000,3500
2,family,4,4500,4000
3,triple,3,4000,3500
4,triple,3,4000,3500
5,twin,2,4000,3500
6,twin,2,5000,4000
7,family,4,4500,4000
8,twin,2,4000,3500
9,twin,2,4000,3500
10,twin,2,4000,3500
11,triple,3,4500,3500
12,triple,3,4000,3500
13,twin,2,3000,2500
14,twin,2,4000,3000
15,twin,2,4500,3000
16,twin,2,3800,2800
17,twin,2,3800,2800
18,family,4,5000,4000
19,twin,2,4000,2500
20,twin,2,2500,2000
21,twin,2,4000,2500
22,studio,1,2000,1500
23,twin,2,2500,2000
24,twin,2,2500,2000
25,twin,2,4000,3000
26,twin,2,4000,2500
27,family,4,6000,4500
28,twin,2,3500,2000
29,twin,2,3500,2000
30,twin,2,3500,2000
31,twin,2,3500,2000
32,twin,2,3500,2000
33,twin,2,3500,2000
34,studio,1,2000,1500
